x-axis,1
second,Volt
-2.500006400000e-002,5.19193e-001
-2.497506400000e-002,5.27233e-001
-2.495006400000e-002,5.35273e-001
-2.492506400000e-002,5.47333e-001
-2.490006400000e-002,5.51354e-001
-2.487506400000e-002,5.55374e-001
-2.485006400000e-002,5.63414e-001
-2.482506400000e-002,5.71454e-001
-2.480006400000e-002,5.75474e-001
-2.477506400000e-002,5.79494e-001
-2.475006400000e-002,5.87534e-001
-2.472506400000e-002,5.91555e-001
-2.470006400000e-002,5.95575e-001
-2.467506400000e-002,5.95575e-001
-2.465006400000e-002,5.99595e-001
-2.462506400000e-002,5.99595e-001
-2.460006400000e-002,6.03615e-001
-2.457506400000e-002,6.07635e-001
-2.455006400000e-002,6.07635e-001
-2.452506400000e-002,6.07635e-001
-2.450006400000e-002,6.07635e-001
-2.447506400000e-002,6.03615e-001
-2.445006400000e-002,6.03615e-001
-2.442506400000e-002,6.03615e-001
-2.440006400000e-002,5.99595e-001
-2.437506400000e-002,5.95575e-001
-2.435006400000e-002,5.91555e-001
-2.432506400000e-002,5.91555e-001
-2.430006400000e-002,5.87534e-001
-2.427506400000e-002,5.79494e-001
-2.425006400000e-002,5.75474e-001
-2.422506400000e-002,5.71454e-001
-2.420006400000e-002,5.67434e-001
-2.417506400000e-002,5.59394e-001
-2.415006400000e-002,5.51354e-001
-2.412506400000e-002,5.43313e-001
-2.410006400000e-002,5.39293e-001
-2.407506400000e-002,5.27233e-001
-2.405006400000e-002,5.23213e-001
-2.402506400000e-002,5.15173e-001
-2.400006400000e-002,5.03112e-001
-2.397506400000e-002,4.95072e-001
-2.395006400000e-002,4.83012e-001
-2.392506400000e-002,4.78992e-001
-2.390006400000e-002,4.66931e-001
-2.387506400000e-002,4.54871e-001
-2.385006400000e-002,4.50851e-001
-2.382506400000e-002,4.38791e-001
-2.380006400000e-002,4.26730e-001
-2.377506400000e-002,4.22710e-001
-2.375006400000e-002,4.10650e-001
-2.372506400000e-002,4.02610e-001
-2.370006400000e-002,3.90550e-001
-2.367506400000e-002,3.82509e-001
-2.365006400000e-002,3.74469e-001
-2.362506400000e-002,3.66429e-001
-2.360006400000e-002,3.54369e-001
-2.357506400000e-002,3.50349e-001
-2.355006400000e-002,3.42308e-001
-2.352506400000e-002,3.34268e-001
-2.350006400000e-002,3.26228e-001
-2.347506400000e-002,3.18188e-001
-2.345006400000e-002,3.10147e-001
-2.342506400000e-002,3.06127e-001
-2.340006400000e-002,2.98087e-001
-2.337506400000e-002,2.94067e-001
-2.335006400000e-002,2.86027e-001
-2.332506400000e-002,2.82007e-001
-2.330006400000e-002,2.77987e-001
-2.327506400000e-002,2.69947e-001
-2.325006400000e-002,2.65926e-001
-2.322506400000e-002,2.57886e-001
-2.320006400000e-002,2.57886e-001
-2.317506400000e-002,2.53866e-001
-2.315006400000e-002,2.49846e-001
-2.312506400000e-002,2.45826e-001
-2.310006400000e-002,2.41806e-001
-2.307506400000e-002,2.37786e-001
-2.305006400000e-002,2.33766e-001
-2.302506400000e-002,2.29745e-001
-2.300006400000e-002,2.25725e-001
-2.297506400000e-002,2.25725e-001
-2.295006400000e-002,2.17685e-001
-2.292506400000e-002,2.17685e-001
-2.290006400000e-002,2.13665e-001
-2.287506400000e-002,2.09645e-001
-2.285006400000e-002,2.05625e-001
-2.282506400000e-002,2.01605e-001
-2.280006400000e-002,2.01605e-001
-2.277506400000e-002,1.97585e-001
-2.275006400000e-002,1.93565e-001
-2.272506400000e-002,1.89544e-001
-2.270006400000e-002,1.85524e-001
-2.267506400000e-002,1.81504e-001
-2.265006400000e-002,1.81504e-001
-2.262506400000e-002,1.77484e-001
-2.260006400000e-002,1.77484e-001
-2.257506400000e-002,1.77484e-001
-2.255006400000e-002,1.73464e-001
-2.252506400000e-002,1.73464e-001
-2.250006400000e-002,1.73464e-001
-2.247506400000e-002,1.73464e-001
-2.245006400000e-002,1.73464e-001
-2.242506400000e-002,1.73464e-001
-2.240006400000e-002,1.73464e-001
-2.237506400000e-002,1.77484e-001
-2.235006400000e-002,1.81504e-001
-2.232506400000e-002,1.85524e-001
-2.230006400000e-002,1.85524e-001
-2.227506400000e-002,1.93565e-001
-2.225006400000e-002,2.01605e-001
-2.222506400000e-002,2.05625e-001
-2.220006400000e-002,2.09645e-001
-2.217506400000e-002,2.17685e-001
-2.215006400000e-002,2.25725e-001
-2.212506400000e-002,2.37786e-001
-2.210006400000e-002,2.45826e-001
-2.207506400000e-002,2.53866e-001
-2.205006400000e-002,2.65926e-001
-2.202506400000e-002,2.73967e-001
-2.200006400000e-002,2.82007e-001
-2.197506400000e-002,2.98087e-001
-2.195006400000e-002,3.06127e-001
-2.192506400000e-002,3.18188e-001
-2.190006400000e-002,3.30248e-001
-2.187506400000e-002,3.38288e-001
-2.185006400000e-002,3.54369e-001
-2.182506400000e-002,3.62409e-001
-2.180006400000e-002,3.74469e-001
-2.177506400000e-002,3.86529e-001
-2.175006400000e-002,3.94570e-001
-2.172506400000e-002,4.10650e-001
-2.170006400000e-002,4.22710e-001
-2.167506400000e-002,4.30751e-001
-2.165006400000e-002,4.42811e-001
-2.162506400000e-002,4.54871e-001
-2.160006400000e-002,4.62911e-001
-2.157506400000e-002,4.74972e-001
-2.155006400000e-002,4.87032e-001
-2.152506400000e-002,4.99092e-001
-2.150006400000e-002,5.07132e-001
-2.147506400000e-002,5.15173e-001
-2.145006400000e-002,5.27233e-001
-2.142506400000e-002,5.35273e-001
-2.140006400000e-002,5.43313e-001
-2.137506400000e-002,5.51354e-001
-2.135006400000e-002,5.55374e-001
-2.132506400000e-002,5.67434e-001
-2.130006400000e-002,5.71454e-001
-2.127506400000e-002,5.79494e-001
-2.125006400000e-002,5.83514e-001
-2.122506400000e-002,5.87534e-001
-2.120006400000e-002,5.91555e-001
-2.117506400000e-002,5.95575e-001
-2.115006400000e-002,5.95575e-001
-2.112506400000e-002,5.99595e-001
-2.110006400000e-002,5.99595e-001
-2.107506400000e-002,6.03615e-001
-2.105006400000e-002,6.03615e-001
-2.102506400000e-002,6.03615e-001
-2.100006400000e-002,6.03615e-001
-2.097506400000e-002,6.03615e-001
-2.095006400000e-002,5.99595e-001
-2.092506400000e-002,5.99595e-001
-2.090006400000e-002,5.99595e-001
-2.087506400000e-002,5.95575e-001
-2.085006400000e-002,5.91555e-001
-2.082506400000e-002,5.91555e-001
-2.080006400000e-002,5.87534e-001
-2.077506400000e-002,5.83514e-001
-2.075006400000e-002,5.75474e-001
-2.072506400000e-002,5.75474e-001
-2.070006400000e-002,5.71454e-001
-2.067506400000e-002,5.63414e-001
-2.065006400000e-002,5.59394e-001
-2.062506400000e-002,5.55374e-001
-2.060006400000e-002,5.51354e-001
-2.057506400000e-002,5.47333e-001
-2.055006400000e-002,5.39293e-001
-2.052506400000e-002,5.31253e-001
-2.050006400000e-002,5.27233e-001
-2.047506400000e-002,5.23213e-001
-2.045006400000e-002,5.19193e-001
-2.042506400000e-002,5.11153e-001
-2.040006400000e-002,5.07132e-001
-2.037506400000e-002,4.99092e-001
-2.035006400000e-002,4.95072e-001
-2.032506400000e-002,4.91052e-001
-2.030006400000e-002,4.87032e-001
-2.027506400000e-002,4.78992e-001
-2.025006400000e-002,4.74972e-001
-2.022506400000e-002,4.66931e-001
-2.020006400000e-002,4.62911e-001
-2.017506400000e-002,4.54871e-001
-2.015006400000e-002,4.50851e-001
-2.012506400000e-002,4.46831e-001
-2.010006400000e-002,4.38791e-001
-2.007506400000e-002,4.30751e-001
-2.005006400000e-002,4.26730e-001
-2.002506400000e-002,4.18690e-001
-2.000006400000e-002,4.10650e-001
-1.997506400000e-002,4.06630e-001
-1.995006400000e-002,3.98590e-001
-1.992506400000e-002,3.94570e-001
-1.990006400000e-002,3.86529e-001
-1.987506400000e-002,3.74469e-001
-1.985006400000e-002,3.70449e-001
-1.982506400000e-002,3.62409e-001
-1.980006400000e-002,3.58389e-001
-1.977506400000e-002,3.46328e-001
-1.975006400000e-002,3.38288e-001
-1.972506400000e-002,3.30248e-001
-1.970006400000e-002,3.22208e-001
-1.967506400000e-002,3.14168e-001
-1.965006400000e-002,3.06127e-001
-1.962506400000e-002,2.98087e-001
-1.960006400000e-002,2.90047e-001
-1.957506400000e-002,2.82007e-001
-1.955006400000e-002,2.69947e-001
-1.952506400000e-002,2.65926e-001
-1.950006400000e-002,2.57886e-001
-1.947506400000e-002,2.49846e-001
-1.945006400000e-002,2.41806e-001
-1.942506400000e-002,2.33766e-001
-1.940006400000e-002,2.29745e-001
-1.937506400000e-002,2.25725e-001
-1.935006400000e-002,2.17685e-001
-1.932506400000e-002,2.13665e-001
-1.930006400000e-002,2.05625e-001
-1.927506400000e-002,2.01605e-001
-1.925006400000e-002,1.97585e-001
-1.922506400000e-002,1.93565e-001
-1.920006400000e-002,1.89544e-001
-1.917506400000e-002,1.85524e-001
-1.915006400000e-002,1.81504e-001
-1.912506400000e-002,1.81504e-001
-1.910006400000e-002,1.77484e-001
-1.907506400000e-002,1.77484e-001
-1.905006400000e-002,1.77484e-001
-1.902506400000e-002,1.73464e-001
-1.900006400000e-002,1.73464e-001
-1.897506400000e-002,1.77484e-001
-1.895006400000e-002,1.73464e-001
-1.892506400000e-002,1.77484e-001
-1.890006400000e-002,1.77484e-001
-1.887506400000e-002,1.77484e-001
-1.885006400000e-002,1.81504e-001
-1.882506400000e-002,1.81504e-001
-1.880006400000e-002,1.85524e-001
-1.877506400000e-002,1.89544e-001
-1.875006400000e-002,1.89544e-001
-1.872506400000e-002,1.93565e-001
-1.870006400000e-002,1.97585e-001
-1.867506400000e-002,2.05625e-001
-1.865006400000e-002,2.09645e-001
-1.862506400000e-002,2.17685e-001
-1.860006400000e-002,2.25725e-001
-1.857506400000e-002,2.33766e-001
-1.855006400000e-002,2.37786e-001
-1.852506400000e-002,2.49846e-001
-1.850006400000e-002,2.57886e-001
-1.847506400000e-002,2.69947e-001
-1.845006400000e-002,2.82007e-001
-1.842506400000e-002,2.90047e-001
-1.840006400000e-002,3.06127e-001
-1.837506400000e-002,3.18188e-001
-1.835006400000e-002,3.30248e-001
-1.832506400000e-002,3.42308e-001
-1.830006400000e-002,3.58389e-001
-1.827506400000e-002,3.70449e-001
-1.825006400000e-002,3.86529e-001
-1.822506400000e-002,3.98590e-001
-1.820006400000e-002,4.18690e-001
-1.817506400000e-002,4.26730e-001
-1.815006400000e-002,4.38791e-001
-1.812506400000e-002,4.54871e-001
-1.810006400000e-002,4.70952e-001
-1.807506400000e-002,4.78992e-001
-1.805006400000e-002,4.91052e-001
-1.802506400000e-002,5.03112e-001
-1.800006400000e-002,5.15173e-001
-1.797506400000e-002,5.23213e-001
-1.795006400000e-002,5.27233e-001
-1.792506400000e-002,5.39293e-001
-1.790006400000e-002,5.47333e-001
-1.787506400000e-002,5.51354e-001
-1.785006400000e-002,5.59394e-001
-1.782506400000e-002,5.59394e-001
-1.780006400000e-002,5.67434e-001
-1.777506400000e-002,5.67434e-001
-1.775006400000e-002,5.71454e-001
-1.772506400000e-002,5.75474e-001
-1.770006400000e-002,5.75474e-001
-1.767506400000e-002,5.75474e-001
-1.765006400000e-002,5.79494e-001
-1.762506400000e-002,5.79494e-001
-1.760006400000e-002,5.79494e-001
-1.757506400000e-002,5.83514e-001
-1.755006400000e-002,5.79494e-001
-1.752506400000e-002,5.83514e-001
-1.750006400000e-002,5.83514e-001
-1.747506400000e-002,5.83514e-001
-1.745006400000e-002,5.79494e-001
-1.742506400000e-002,5.79494e-001
-1.740006400000e-002,5.83514e-001
-1.737506400000e-002,5.83514e-001
-1.735006400000e-002,5.79494e-001
-1.732506400000e-002,5.79494e-001
-1.730006400000e-002,5.79494e-001
-1.727506400000e-002,5.79494e-001
-1.725006400000e-002,5.79494e-001
-1.722506400000e-002,5.75474e-001
-1.720006400000e-002,5.75474e-001
-1.717506400000e-002,5.71454e-001
-1.715006400000e-002,5.67434e-001
-1.712506400000e-002,5.67434e-001
-1.710006400000e-002,5.63414e-001
-1.707506400000e-002,5.59394e-001
-1.705006400000e-002,5.55374e-001
-1.702506400000e-002,5.51354e-001
-1.700006400000e-002,5.51354e-001
-1.697506400000e-002,5.43313e-001
-1.695006400000e-002,5.35273e-001
-1.692506400000e-002,5.31253e-001
-1.690006400000e-002,5.27233e-001
-1.687506400000e-002,5.19193e-001
-1.685006400000e-002,5.11153e-001
-1.682506400000e-002,4.99092e-001
-1.680006400000e-002,4.91052e-001
-1.677506400000e-002,4.83012e-001
-1.675006400000e-002,4.70952e-001
-1.672506400000e-002,4.62911e-001
-1.670006400000e-002,4.50851e-001
-1.667506400000e-002,4.42811e-001
-1.665006400000e-002,4.26730e-001
-1.662506400000e-002,4.14670e-001
-1.660006400000e-002,4.06630e-001
-1.657506400000e-002,3.94570e-001
-1.655006400000e-002,3.82509e-001
-1.652506400000e-002,3.70449e-001
-1.650006400000e-002,3.58389e-001
-1.647506400000e-002,3.46328e-001
-1.645006400000e-002,3.38288e-001
-1.642506400000e-002,3.22208e-001
-1.640006400000e-002,3.14168e-001
-1.637506400000e-002,3.02107e-001
-1.635006400000e-002,2.90047e-001
-1.632506400000e-002,2.86027e-001
-1.630006400000e-002,2.73967e-001
-1.627506400000e-002,2.65926e-001
-1.625006400000e-002,2.53866e-001
-1.622506400000e-002,2.45826e-001
-1.620006400000e-002,2.41806e-001
-1.617506400000e-002,2.33766e-001
-1.615006400000e-002,2.25725e-001
-1.612506400000e-002,2.17685e-001
-1.610006400000e-002,2.13665e-001
-1.607506400000e-002,2.09645e-001
-1.605006400000e-002,2.05625e-001
-1.602506400000e-002,2.01605e-001
-1.600006400000e-002,2.01605e-001
-1.597506400000e-002,1.97585e-001
-1.595006400000e-002,1.93565e-001
-1.592506400000e-002,1.93565e-001
-1.590006400000e-002,1.93565e-001
-1.587506400000e-002,1.93565e-001
-1.585006400000e-002,1.93565e-001
-1.582506400000e-002,1.93565e-001
-1.580006400000e-002,1.97585e-001
-1.577506400000e-002,2.01605e-001
-1.575006400000e-002,2.01605e-001
-1.572506400000e-002,2.09645e-001
-1.570006400000e-002,2.09645e-001
-1.567506400000e-002,2.17685e-001
-1.565006400000e-002,2.25725e-001
-1.562506400000e-002,2.29745e-001
-1.560006400000e-002,2.41806e-001
-1.557506400000e-002,2.49846e-001
-1.555006400000e-002,2.61906e-001
-1.552506400000e-002,2.69947e-001
-1.550006400000e-002,2.77987e-001
-1.547506400000e-002,2.94067e-001
-1.545006400000e-002,3.06127e-001
-1.542506400000e-002,3.18188e-001
-1.540006400000e-002,3.34268e-001
-1.537506400000e-002,3.46328e-001
-1.535006400000e-002,3.62409e-001
-1.532506400000e-002,3.78489e-001
-1.530006400000e-002,3.90550e-001
-1.527506400000e-002,4.06630e-001
-1.525006400000e-002,4.18690e-001
-1.522506400000e-002,4.30751e-001
-1.520006400000e-002,4.46831e-001
-1.517506400000e-002,4.58891e-001
-1.515006400000e-002,4.70952e-001
-1.512506400000e-002,4.87032e-001
-1.510006400000e-002,4.95072e-001
-1.507506400000e-002,5.11153e-001
-1.505006400000e-002,5.19193e-001
-1.502506400000e-002,5.27233e-001
-1.500006400000e-002,5.39293e-001
-1.497506400000e-002,5.43313e-001
-1.495006400000e-002,5.47333e-001
-1.492506400000e-002,5.55374e-001
-1.490006400000e-002,5.59394e-001
-1.487506400000e-002,5.63414e-001
-1.485006400000e-002,5.63414e-001
-1.482506400000e-002,5.67434e-001
-1.480006400000e-002,5.67434e-001
-1.477506400000e-002,5.67434e-001
-1.475006400000e-002,5.63414e-001
-1.472506400000e-002,5.67434e-001
-1.470006400000e-002,5.59394e-001
-1.467506400000e-002,5.59394e-001
-1.465006400000e-002,5.59394e-001
-1.462506400000e-002,5.47333e-001
-1.460006400000e-002,5.47333e-001
-1.457506400000e-002,5.43313e-001
-1.455006400000e-002,5.35273e-001
-1.452506400000e-002,5.35273e-001
-1.450006400000e-002,5.27233e-001
-1.447506400000e-002,5.23213e-001
-1.445006400000e-002,5.15173e-001
-1.442506400000e-002,5.11153e-001
-1.440006400000e-002,5.03112e-001
-1.437506400000e-002,4.99092e-001
-1.435006400000e-002,4.91052e-001
-1.432506400000e-002,4.87032e-001
-1.430006400000e-002,4.78992e-001
-1.427506400000e-002,4.74972e-001
-1.425006400000e-002,4.70952e-001
-1.422506400000e-002,4.62911e-001
-1.420006400000e-002,4.54871e-001
-1.417506400000e-002,4.50851e-001
-1.415006400000e-002,4.42811e-001
-1.412506400000e-002,4.38791e-001
-1.410006400000e-002,4.34771e-001
-1.407506400000e-002,4.26730e-001
-1.405006400000e-002,4.18690e-001
-1.402506400000e-002,4.06630e-001
-1.400006400000e-002,4.02610e-001
-1.397506400000e-002,3.94570e-001
-1.395006400000e-002,3.86529e-001
-1.392506400000e-002,3.78489e-001
-1.390006400000e-002,3.70449e-001
-1.387506400000e-002,3.62409e-001
-1.385006400000e-002,3.50349e-001
-1.382506400000e-002,3.42308e-001
-1.380006400000e-002,3.34268e-001
-1.377506400000e-002,3.26228e-001
-1.375006400000e-002,3.18188e-001
-1.372506400000e-002,3.10147e-001
-1.370006400000e-002,2.98087e-001
-1.367506400000e-002,2.90047e-001
-1.365006400000e-002,2.82007e-001
-1.362506400000e-002,2.69947e-001
-1.360006400000e-002,2.65926e-001
-1.357506400000e-002,2.57886e-001
-1.355006400000e-002,2.45826e-001
-1.352506400000e-002,2.41806e-001
-1.350006400000e-002,2.33766e-001
-1.347506400000e-002,2.25725e-001
-1.345006400000e-002,2.21705e-001
-1.342506400000e-002,2.13665e-001
-1.340006400000e-002,2.09645e-001
-1.337506400000e-002,2.05625e-001
-1.335006400000e-002,1.97585e-001
-1.332506400000e-002,1.97585e-001
-1.330006400000e-002,1.93565e-001
-1.327506400000e-002,1.93565e-001
-1.325006400000e-002,1.93565e-001
-1.322506400000e-002,1.85524e-001
-1.320006400000e-002,1.93565e-001
-1.317506400000e-002,1.89544e-001
-1.315006400000e-002,1.89544e-001
-1.312506400000e-002,1.89544e-001
-1.310006400000e-002,1.93565e-001
-1.307506400000e-002,1.97585e-001
-1.305006400000e-002,1.97585e-001
-1.302506400000e-002,1.97585e-001
-1.300006400000e-002,2.05625e-001
-1.297506400000e-002,2.05625e-001
-1.295006400000e-002,2.09645e-001
-1.292506400000e-002,2.17685e-001
-1.290006400000e-002,2.21705e-001
-1.287506400000e-002,2.29745e-001
-1.285006400000e-002,2.37786e-001
-1.282506400000e-002,2.41806e-001
-1.280006400000e-002,2.53866e-001
-1.277506400000e-002,2.57886e-001
-1.275006400000e-002,2.69947e-001
-1.272506400000e-002,2.82007e-001
-1.270006400000e-002,2.90047e-001
-1.267506400000e-002,3.06127e-001
-1.265006400000e-002,3.14168e-001
-1.262506400000e-002,3.26228e-001
-1.260006400000e-002,3.42308e-001
-1.257506400000e-002,3.54369e-001
-1.255006400000e-002,3.66429e-001
-1.252506400000e-002,3.82509e-001
-1.250006400000e-002,3.98590e-001
-1.247506400000e-002,4.10650e-001
-1.245006400000e-002,4.26730e-001
-1.242506400000e-002,4.38791e-001
-1.240006400000e-002,4.50851e-001
-1.237506400000e-002,4.62911e-001
-1.235006400000e-002,4.74972e-001
-1.232506400000e-002,4.91052e-001
-1.230006400000e-002,4.99092e-001
-1.227506400000e-002,5.11153e-001
-1.225006400000e-002,5.19193e-001
-1.222506400000e-002,5.23213e-001
-1.220006400000e-002,5.35273e-001
-1.217506400000e-002,5.39293e-001
-1.215006400000e-002,5.43313e-001
-1.212506400000e-002,5.47333e-001
-1.210006400000e-002,5.51354e-001
-1.207506400000e-002,5.51354e-001
-1.205006400000e-002,5.51354e-001
-1.202506400000e-002,5.51354e-001
-1.200006400000e-002,5.47333e-001
-1.197506400000e-002,5.43313e-001
-1.195006400000e-002,5.39293e-001
-1.192506400000e-002,5.35273e-001
-1.190006400000e-002,5.31253e-001
-1.187506400000e-002,5.23213e-001
-1.185006400000e-002,5.15173e-001
-1.182506400000e-002,5.03112e-001
-1.180006400000e-002,4.99092e-001
-1.177506400000e-002,4.87032e-001
-1.175006400000e-002,4.78992e-001
-1.172506400000e-002,4.74972e-001
-1.170006400000e-002,4.62911e-001
-1.167506400000e-002,4.54871e-001
-1.165006400000e-002,4.42811e-001
-1.162506400000e-002,4.34771e-001
-1.160006400000e-002,4.26730e-001
-1.157506400000e-002,4.18690e-001
-1.155006400000e-002,4.06630e-001
-1.152506400000e-002,3.98590e-001
-1.150006400000e-002,3.86529e-001
-1.147506400000e-002,3.82509e-001
-1.145006400000e-002,3.70449e-001
-1.142506400000e-002,3.58389e-001
-1.140006400000e-002,3.54369e-001
-1.137506400000e-002,3.42308e-001
-1.135006400000e-002,3.34268e-001
-1.132506400000e-002,3.30248e-001
-1.130006400000e-002,3.18188e-001
-1.127506400000e-002,3.10147e-001
-1.125006400000e-002,3.02107e-001
-1.122506400000e-002,2.94067e-001
-1.120006400000e-002,2.86027e-001
-1.117506400000e-002,2.77987e-001
-1.115006400000e-002,2.69947e-001
-1.112506400000e-002,2.61906e-001
-1.110006400000e-002,2.57886e-001
-1.107506400000e-002,2.49846e-001
-1.105006400000e-002,2.41806e-001
-1.102506400000e-002,2.33766e-001
-1.100006400000e-002,2.29745e-001
-1.097506400000e-002,2.21705e-001
-1.095006400000e-002,2.17685e-001
-1.092506400000e-002,2.13665e-001
-1.090006400000e-002,2.05625e-001
-1.087506400000e-002,2.05625e-001
-1.085006400000e-002,1.97585e-001
-1.082506400000e-002,1.93565e-001
-1.080006400000e-002,1.89544e-001
-1.077506400000e-002,1.85524e-001
-1.075006400000e-002,1.85524e-001
-1.072506400000e-002,1.81504e-001
-1.070006400000e-002,1.77484e-001
-1.067506400000e-002,1.77484e-001
-1.065006400000e-002,1.77484e-001
-1.062506400000e-002,1.77484e-001
-1.060006400000e-002,1.77484e-001
-1.057506400000e-002,1.77484e-001
-1.055006400000e-002,1.77484e-001
-1.052506400000e-002,1.81504e-001
-1.050006400000e-002,1.77484e-001
-1.047506400000e-002,1.85524e-001
-1.045006400000e-002,1.85524e-001
-1.042506400000e-002,1.89544e-001
-1.040006400000e-002,1.89544e-001
-1.037506400000e-002,1.97585e-001
-1.035006400000e-002,2.01605e-001
-1.032506400000e-002,2.05625e-001
-1.030006400000e-002,2.05625e-001
-1.027506400000e-002,2.13665e-001
-1.025006400000e-002,2.17685e-001
-1.022506400000e-002,2.21705e-001
-1.020006400000e-002,2.29745e-001
-1.017506400000e-002,2.33766e-001
-1.015006400000e-002,2.37786e-001
-1.012506400000e-002,2.45826e-001
-1.010006400000e-002,2.45826e-001
-1.007506400000e-002,2.53866e-001
-1.005006400000e-002,2.57886e-001
-1.002506400000e-002,2.65926e-001
-1.000006400000e-002,2.73967e-001
-9.975064000000e-003,2.77987e-001
-9.950064000000e-003,2.86027e-001
-9.925064000000e-003,2.94067e-001
-9.900064000000e-003,2.98087e-001
-9.875064000000e-003,3.06127e-001
-9.850064000000e-003,3.14168e-001
-9.825064000000e-003,3.18188e-001
-9.800064000000e-003,3.30248e-001
-9.775064000000e-003,3.34268e-001
-9.750064000000e-003,3.46328e-001
-9.725064000000e-003,3.54369e-001
-9.700064000000e-003,3.66429e-001
-9.675064000000e-003,3.74469e-001
-9.650064000000e-003,3.86529e-001
-9.625064000000e-003,3.94570e-001
-9.600064000000e-003,4.06630e-001
-9.575064000000e-003,4.18690e-001
-9.550064000000e-003,4.26730e-001
-9.525064000000e-003,4.38791e-001
-9.500064000000e-003,4.50851e-001
-9.475064000000e-003,4.66931e-001
-9.450064000000e-003,4.74972e-001
-9.425064000000e-003,4.87032e-001
-9.400064000000e-003,4.99092e-001
-9.375064000000e-003,5.11153e-001
-9.350064000000e-003,5.23213e-001
-9.325064000000e-003,5.31253e-001
-9.300064000000e-003,5.35273e-001
-9.275064000000e-003,5.43313e-001
-9.250064000000e-003,5.51354e-001
-9.225064000000e-003,5.51354e-001
-9.200064000000e-003,5.59394e-001
-9.175064000000e-003,5.55374e-001
-9.150064000000e-003,5.59394e-001
-9.125064000000e-003,5.55374e-001
-9.100064000000e-003,5.51354e-001
-9.075064000000e-003,5.51354e-001
-9.050064000000e-003,5.43313e-001
-9.025064000000e-003,5.39293e-001
-9.000064000000e-003,5.31253e-001
-8.975064000000e-003,5.23213e-001
-8.950064000000e-003,5.15173e-001
-8.925064000000e-003,5.03112e-001
-8.900064000000e-003,4.95072e-001
-8.875064000000e-003,4.83012e-001
-8.850064000000e-003,4.70952e-001
-8.825064000000e-003,4.58891e-001
-8.800064000000e-003,4.50851e-001
-8.775064000000e-003,4.38791e-001
-8.750064000000e-003,4.30751e-001
-8.725064000000e-003,4.18690e-001
-8.700064000000e-003,4.06630e-001
-8.675064000000e-003,3.98590e-001
-8.650064000000e-003,3.90550e-001
-8.625064000000e-003,3.78489e-001
-8.600064000000e-003,3.70449e-001
-8.575064000000e-003,3.62409e-001
-8.550064000000e-003,3.50349e-001
-8.525064000000e-003,3.42308e-001
-8.500064000000e-003,3.34268e-001
-8.475064000000e-003,3.26228e-001
-8.450064000000e-003,3.14168e-001
-8.425064000000e-003,3.06127e-001
-8.400064000000e-003,3.02107e-001
-8.375064000000e-003,2.90047e-001
-8.350064000000e-003,2.82007e-001
-8.325064000000e-003,2.73967e-001
-8.300064000000e-003,2.69947e-001
-8.275064000000e-003,2.61906e-001
-8.250064000000e-003,2.57886e-001
-8.225064000000e-003,2.49846e-001
-8.200064000000e-003,2.41806e-001
-8.175064000000e-003,2.33766e-001
-8.150064000000e-003,2.29745e-001
-8.125064000000e-003,2.21705e-001
-8.100064000000e-003,2.13665e-001
-8.075064000000e-003,2.09645e-001
-8.050064000000e-003,2.05625e-001
-8.025064000000e-003,1.97585e-001
-8.000064000000e-003,1.93565e-001
-7.975064000000e-003,1.89544e-001
-7.950064000000e-003,1.89544e-001
-7.925064000000e-003,1.85524e-001
-7.900064000000e-003,1.81504e-001
-7.875064000000e-003,1.85524e-001
-7.850064000000e-003,1.85524e-001
-7.825064000000e-003,1.81504e-001
-7.800064000000e-003,1.85524e-001
-7.775064000000e-003,1.85524e-001
-7.750064000000e-003,1.89544e-001
-7.725064000000e-003,1.89544e-001
-7.700064000000e-003,1.93565e-001
-7.675064000000e-003,2.01605e-001
-7.650064000000e-003,2.05625e-001
-7.625064000000e-003,2.05625e-001
-7.600064000000e-003,2.13665e-001
-7.575064000000e-003,2.17685e-001
-7.550064000000e-003,2.21705e-001
-7.525064000000e-003,2.29745e-001
-7.500064000000e-003,2.33766e-001
-7.475064000000e-003,2.41806e-001
-7.450064000000e-003,2.45826e-001
-7.425064000000e-003,2.53866e-001
-7.400064000000e-003,2.57886e-001
-7.375064000000e-003,2.61906e-001
-7.350064000000e-003,2.69947e-001
-7.325064000000e-003,2.77987e-001
-7.300064000000e-003,2.82007e-001
-7.275064000000e-003,2.86027e-001
-7.250064000000e-003,2.90047e-001
-7.225064000000e-003,2.94067e-001
-7.200064000000e-003,3.02107e-001
-7.175064000000e-003,3.06127e-001
-7.150064000000e-003,3.10147e-001
-7.125064000000e-003,3.14168e-001
-7.100064000000e-003,3.18188e-001
-7.075064000000e-003,3.26228e-001
-7.050064000000e-003,3.26228e-001
-7.025064000000e-003,3.34268e-001
-7.000064000000e-003,3.38288e-001
-6.975064000000e-003,3.42308e-001
-6.950064000000e-003,3.46328e-001
-6.925064000000e-003,3.50349e-001
-6.900064000000e-003,3.54369e-001
-6.875064000000e-003,3.62409e-001
-6.850064000000e-003,3.70449e-001
-6.825064000000e-003,3.74469e-001
-6.800064000000e-003,3.82509e-001
-6.775064000000e-003,3.90550e-001
-6.750064000000e-003,3.94570e-001
-6.725064000000e-003,4.06630e-001
-6.700064000000e-003,4.14670e-001
-6.675064000000e-003,4.26730e-001
-6.650064000000e-003,4.30751e-001
-6.625064000000e-003,4.42811e-001
-6.600064000000e-003,4.54871e-001
-6.575064000000e-003,4.62911e-001
-6.550064000000e-003,4.70952e-001
-6.525064000000e-003,4.83012e-001
-6.500064000000e-003,4.95072e-001
-6.475064000000e-003,5.07132e-001
-6.450064000000e-003,5.15173e-001
-6.425064000000e-003,5.23213e-001
-6.400064000000e-003,5.35273e-001
-6.375064000000e-003,5.43313e-001
-6.350064000000e-003,5.51354e-001
-6.325064000000e-003,5.59394e-001
-6.300064000000e-003,5.63414e-001
-6.275064000000e-003,5.71454e-001
-6.250064000000e-003,5.75474e-001
-6.225064000000e-003,5.79494e-001
-6.200064000000e-003,5.83514e-001
-6.175064000000e-003,5.83514e-001
-6.150064000000e-003,5.83514e-001
-6.125064000000e-003,5.83514e-001
-6.100064000000e-003,5.83514e-001
-6.075064000000e-003,5.83514e-001
-6.050064000000e-003,5.79494e-001
-6.025064000000e-003,5.75474e-001
-6.000064000000e-003,5.75474e-001
-5.975064000000e-003,5.67434e-001
-5.950064000000e-003,5.63414e-001
-5.925064000000e-003,5.59394e-001
-5.900064000000e-003,5.51354e-001
-5.875064000000e-003,5.47333e-001
-5.850064000000e-003,5.39293e-001
-5.825064000000e-003,5.31253e-001
-5.800064000000e-003,5.27233e-001
-5.775064000000e-003,5.15173e-001
-5.750064000000e-003,5.11153e-001
-5.725064000000e-003,5.03112e-001
-5.700064000000e-003,4.95072e-001
-5.675064000000e-003,4.87032e-001
-5.650064000000e-003,4.78992e-001
-5.625064000000e-003,4.66931e-001
-5.600064000000e-003,4.58891e-001
-5.575064000000e-003,4.50851e-001
-5.550064000000e-003,4.42811e-001
-5.525064000000e-003,4.34771e-001
-5.500064000000e-003,4.22710e-001
-5.475064000000e-003,4.18690e-001
-5.450064000000e-003,4.06630e-001
-5.425064000000e-003,3.94570e-001
-5.400064000000e-003,3.86529e-001
-5.375064000000e-003,3.78489e-001
-5.350064000000e-003,3.66429e-001
-5.325064000000e-003,3.58389e-001
-5.300064000000e-003,3.46328e-001
-5.275064000000e-003,3.38288e-001
-5.250064000000e-003,3.26228e-001
-5.225064000000e-003,3.14168e-001
-5.200064000000e-003,3.06127e-001
-5.175064000000e-003,2.94067e-001
-5.150064000000e-003,2.86027e-001
-5.125064000000e-003,2.77987e-001
-5.100064000000e-003,2.65926e-001
-5.075064000000e-003,2.57886e-001
-5.050064000000e-003,2.49846e-001
-5.025064000000e-003,2.41806e-001
-5.000064000000e-003,2.37786e-001
-4.975064000000e-003,2.29745e-001
-4.950064000000e-003,2.25725e-001
-4.925064000000e-003,2.21705e-001
-4.900064000000e-003,2.17685e-001
-4.875064000000e-003,2.17685e-001
-4.850064000000e-003,2.13665e-001
-4.825064000000e-003,2.09645e-001
-4.800064000000e-003,2.09645e-001
-4.775064000000e-003,2.09645e-001
-4.750064000000e-003,2.09645e-001
-4.725064000000e-003,2.13665e-001
-4.700064000000e-003,2.13665e-001
-4.675064000000e-003,2.13665e-001
-4.650064000000e-003,2.13665e-001
-4.625064000000e-003,2.13665e-001
-4.600064000000e-003,2.17685e-001
-4.575064000000e-003,2.17685e-001
-4.550064000000e-003,2.21705e-001
-4.525064000000e-003,2.21705e-001
-4.500064000000e-003,2.21705e-001
-4.475064000000e-003,2.25725e-001
-4.450064000000e-003,2.25725e-001
-4.425064000000e-003,2.25725e-001
-4.400064000000e-003,2.29745e-001
-4.375064000000e-003,2.25725e-001
-4.350064000000e-003,2.29745e-001
-4.325064000000e-003,2.29745e-001
-4.300064000000e-003,2.25725e-001
-4.275064000000e-003,2.29745e-001
-4.250064000000e-003,2.25725e-001
-4.225064000000e-003,2.25725e-001
-4.200064000000e-003,2.29745e-001
-4.175064000000e-003,2.25725e-001
-4.150064000000e-003,2.29745e-001
-4.125064000000e-003,2.25725e-001
-4.100064000000e-003,2.25725e-001
-4.075064000000e-003,2.29745e-001
-4.050064000000e-003,2.29745e-001
-4.025064000000e-003,2.29745e-001
-4.000064000000e-003,2.33766e-001
-3.975064000000e-003,2.33766e-001
-3.950064000000e-003,2.37786e-001
-3.925064000000e-003,2.41806e-001
-3.900064000000e-003,2.41806e-001
-3.875064000000e-003,2.41806e-001
-3.850064000000e-003,2.49846e-001
-3.825064000000e-003,2.53866e-001
-3.800064000000e-003,2.57886e-001
-3.775064000000e-003,2.65926e-001
-3.750064000000e-003,2.73967e-001
-3.725064000000e-003,2.82007e-001
-3.700064000000e-003,2.86027e-001
-3.675064000000e-003,2.98087e-001
-3.650064000000e-003,3.06127e-001
-3.625064000000e-003,3.18188e-001
-3.600064000000e-003,3.30248e-001
-3.575064000000e-003,3.38288e-001
-3.550064000000e-003,3.54369e-001
-3.525064000000e-003,3.66429e-001
-3.500064000000e-003,3.74469e-001
-3.475064000000e-003,3.90550e-001
-3.450064000000e-003,4.02610e-001
-3.425064000000e-003,4.14670e-001
-3.400064000000e-003,4.22710e-001
-3.375064000000e-003,4.38791e-001
-3.350064000000e-003,4.46831e-001
-3.325064000000e-003,4.62911e-001
-3.300064000000e-003,4.70952e-001
-3.275064000000e-003,4.83012e-001
-3.250064000000e-003,4.95072e-001
-3.225064000000e-003,5.03112e-001
-3.200064000000e-003,5.15173e-001
-3.175064000000e-003,5.23213e-001
-3.150064000000e-003,5.35273e-001
-3.125064000000e-003,5.43313e-001
-3.100064000000e-003,5.47333e-001
-3.075064000000e-003,5.55374e-001
-3.050064000000e-003,5.63414e-001
-3.025064000000e-003,5.67434e-001
-3.000064000000e-003,5.75474e-001
-2.975064000000e-003,5.79494e-001
-2.950064000000e-003,5.87534e-001
-2.925064000000e-003,5.91555e-001
-2.900064000000e-003,5.95575e-001
-2.875064000000e-003,5.99595e-001
-2.850064000000e-003,6.03615e-001
-2.825064000000e-003,6.03615e-001
-2.800064000000e-003,6.07635e-001
-2.775064000000e-003,6.07635e-001
-2.750064000000e-003,6.11655e-001
-2.725064000000e-003,6.11655e-001
-2.700064000000e-003,6.07635e-001
-2.675064000000e-003,6.11655e-001
-2.650064000000e-003,6.07635e-001
-2.625064000000e-003,6.07635e-001
-2.600064000000e-003,6.07635e-001
-2.575064000000e-003,6.03615e-001
-2.550064000000e-003,6.03615e-001
-2.525064000000e-003,5.95575e-001
-2.500064000000e-003,5.91555e-001
-2.475064000000e-003,5.87534e-001
-2.450064000000e-003,5.79494e-001
-2.425064000000e-003,5.71454e-001
-2.400064000000e-003,5.63414e-001
-2.375064000000e-003,5.55374e-001
-2.350064000000e-003,5.51354e-001
-2.325064000000e-003,5.39293e-001
-2.300064000000e-003,5.27233e-001
-2.275064000000e-003,5.19193e-001
-2.250064000000e-003,5.07132e-001
-2.225064000000e-003,4.99092e-001
-2.200064000000e-003,4.87032e-001
-2.175064000000e-003,4.74972e-001
-2.150064000000e-003,4.62911e-001
-2.125064000000e-003,4.50851e-001
-2.100064000000e-003,4.34771e-001
-2.075064000000e-003,4.26730e-001
-2.050064000000e-003,4.10650e-001
-2.025064000000e-003,4.02610e-001
-2.000064000000e-003,3.86529e-001
-1.975064000000e-003,3.70449e-001
-1.950064000000e-003,3.62409e-001
-1.925064000000e-003,3.50349e-001
-1.900064000000e-003,3.34268e-001
-1.875064000000e-003,3.26228e-001
-1.850064000000e-003,3.14168e-001
-1.825064000000e-003,3.02107e-001
-1.800064000000e-003,2.94067e-001
-1.775064000000e-003,2.82007e-001
-1.750064000000e-003,2.73967e-001
-1.725064000000e-003,2.65926e-001
-1.700064000000e-003,2.53866e-001
-1.675064000000e-003,2.45826e-001
-1.650064000000e-003,2.37786e-001
-1.625064000000e-003,2.29745e-001
-1.600064000000e-003,2.25725e-001
-1.575064000000e-003,2.17685e-001
-1.550064000000e-003,2.13665e-001
-1.525064000000e-003,2.09645e-001
-1.500064000000e-003,2.01605e-001
-1.475064000000e-003,1.97585e-001
-1.450064000000e-003,1.93565e-001
-1.425064000000e-003,1.85524e-001
-1.400064000000e-003,1.85524e-001
-1.375064000000e-003,1.81504e-001
-1.350064000000e-003,1.77484e-001
-1.325064000000e-003,1.73464e-001
-1.300064000000e-003,1.69444e-001
-1.275064000000e-003,1.69444e-001
-1.250064000000e-003,1.69444e-001
-1.225064000000e-003,1.65424e-001
-1.200064000000e-003,1.61404e-001
-1.175064000000e-003,1.61404e-001
-1.150064000000e-003,1.57384e-001
-1.125064000000e-003,1.53364e-001
-1.100064000000e-003,1.53364e-001
-1.075064000000e-003,1.53364e-001
-1.050064000000e-003,1.53364e-001
-1.025064000000e-003,1.49343e-001
-1.000064000000e-003,1.49343e-001
-9.750640000000e-004,1.49343e-001
-9.500640000000e-004,1.49343e-001
-9.250640000000e-004,1.49343e-001
-9.000640000000e-004,1.45323e-001
-8.750640000000e-004,1.49343e-001
-8.500640000000e-004,1.49343e-001
-8.250640000000e-004,1.49343e-001
-8.000640000000e-004,1.49343e-001
-7.750640000000e-004,1.49343e-001
-7.500640000000e-004,1.53364e-001
-7.250640000000e-004,1.53364e-001
-7.000640000000e-004,1.53364e-001
-6.750640000000e-004,1.61404e-001
-6.500640000000e-004,1.61404e-001
-6.250640000000e-004,1.65424e-001
-6.000640000000e-004,1.69444e-001
-5.750640000000e-004,1.69444e-001
-5.500640000000e-004,1.77484e-001
-5.250640000000e-004,1.81504e-001
-5.000640000000e-004,1.85524e-001
-4.750640000000e-004,1.93565e-001
-4.500640000000e-004,2.01605e-001
-4.250640000000e-004,2.09645e-001
-4.000640000000e-004,2.17685e-001
-3.750640000000e-004,2.25725e-001
-3.500640000000e-004,2.33766e-001
-3.250640000000e-004,2.41806e-001
-3.000640000000e-004,2.49846e-001
-2.750640000000e-004,2.61906e-001
-2.500640000000e-004,2.69947e-001
-2.250640000000e-004,2.82007e-001
-2.000640000000e-004,2.90047e-001
-1.750640000000e-004,2.98087e-001
-1.500640000000e-004,3.10147e-001
-1.250640000000e-004,3.22208e-001
-1.000640000000e-004,3.30248e-001
-7.506400000000e-005,3.42308e-001
-5.006400000000e-005,3.54369e-001
-2.506400000000e-005,3.62409e-001
-6.400000000101e-008,3.74469e-001
2.493600000000e-005,3.82509e-001
4.993600000000e-005,3.94570e-001
7.493600000000e-005,4.02610e-001
9.993600000000e-005,4.14670e-001
1.249360000000e-004,4.26730e-001
1.499360000000e-004,4.34771e-001
1.749360000000e-004,4.46831e-001
1.999360000000e-004,4.54871e-001
2.249360000000e-004,4.66931e-001
2.499360000000e-004,4.78992e-001
2.749360000000e-004,4.87032e-001
2.999360000000e-004,4.95072e-001
3.249360000000e-004,5.07132e-001
3.499360000000e-004,5.15173e-001
3.749360000000e-004,5.27233e-001
3.999360000000e-004,5.35273e-001
4.249360000000e-004,5.43313e-001
4.499360000000e-004,5.51354e-001
4.749360000000e-004,5.55374e-001
4.999360000000e-004,5.63414e-001
5.249360000000e-004,5.71454e-001
5.499360000000e-004,5.75474e-001
5.749360000000e-004,5.79494e-001
5.999360000000e-004,5.83514e-001
6.249360000000e-004,5.83514e-001
6.499360000000e-004,5.87534e-001
6.749360000000e-004,5.91555e-001
6.999360000000e-004,5.87534e-001
7.249360000000e-004,5.91555e-001
7.499360000000e-004,5.87534e-001
7.749360000000e-004,5.87534e-001
7.999360000000e-004,5.83514e-001
8.249360000000e-004,5.79494e-001
8.499360000000e-004,5.75474e-001
8.749360000000e-004,5.71454e-001
8.999360000000e-004,5.63414e-001
9.249360000000e-004,5.55374e-001
9.499360000000e-004,5.47333e-001
9.749360000000e-004,5.39293e-001
9.999360000000e-004,5.31253e-001
1.024936000000e-003,5.19193e-001
1.049936000000e-003,5.11153e-001
1.074936000000e-003,4.99092e-001
1.099936000000e-003,4.87032e-001
1.124936000000e-003,4.78992e-001
1.149936000000e-003,4.62911e-001
1.174936000000e-003,4.54871e-001
1.199936000000e-003,4.42811e-001
1.224936000000e-003,4.30751e-001
1.249936000000e-003,4.22710e-001
1.274936000000e-003,4.10650e-001
1.299936000000e-003,3.98590e-001
1.324936000000e-003,3.86529e-001
1.349936000000e-003,3.74469e-001
1.374936000000e-003,3.66429e-001
1.399936000000e-003,3.54369e-001
1.424936000000e-003,3.42308e-001
1.449936000000e-003,3.38288e-001
1.474936000000e-003,3.26228e-001
1.499936000000e-003,3.14168e-001
1.524936000000e-003,3.10147e-001
1.549936000000e-003,2.98087e-001
1.574936000000e-003,2.94067e-001
1.599936000000e-003,2.86027e-001
1.624936000000e-003,2.73967e-001
1.649936000000e-003,2.69947e-001
1.674936000000e-003,2.61906e-001
1.699936000000e-003,2.57886e-001
1.724936000000e-003,2.53866e-001
1.749936000000e-003,2.45826e-001
1.774936000000e-003,2.41806e-001
1.799936000000e-003,2.37786e-001
1.824936000000e-003,2.29745e-001
1.849936000000e-003,2.29745e-001
1.874936000000e-003,2.21705e-001
1.899936000000e-003,2.17685e-001
1.924936000000e-003,2.17685e-001
1.949936000000e-003,2.09645e-001
1.974936000000e-003,2.09645e-001
1.999936000000e-003,2.05625e-001
2.024936000000e-003,2.01605e-001
2.049936000000e-003,1.97585e-001
2.074936000000e-003,1.93565e-001
2.099936000000e-003,1.89544e-001
2.124936000000e-003,1.89544e-001
2.149936000000e-003,1.85524e-001
2.174936000000e-003,1.85524e-001
2.199936000000e-003,1.81504e-001
2.224936000000e-003,1.77484e-001
2.249936000000e-003,1.77484e-001
2.274936000000e-003,1.77484e-001
2.299936000000e-003,1.73464e-001
2.324936000000e-003,1.69444e-001
2.349936000000e-003,1.69444e-001
2.374936000000e-003,1.69444e-001
2.399936000000e-003,1.65424e-001
2.424936000000e-003,1.65424e-001
2.449936000000e-003,1.65424e-001
2.474936000000e-003,1.65424e-001
2.499936000000e-003,1.61404e-001
2.524936000000e-003,1.65424e-001
2.549936000000e-003,1.65424e-001
2.574936000000e-003,1.65424e-001
2.599936000000e-003,1.69444e-001
2.624936000000e-003,1.69444e-001
2.649936000000e-003,1.69444e-001
2.674936000000e-003,1.69444e-001
2.699936000000e-003,1.69444e-001
2.724936000000e-003,1.77484e-001
2.749936000000e-003,1.81504e-001
2.774936000000e-003,1.85524e-001
2.799936000000e-003,1.85524e-001
2.824936000000e-003,1.89544e-001
2.849936000000e-003,1.93565e-001
2.874936000000e-003,1.97585e-001
2.899936000000e-003,2.05625e-001
2.924936000000e-003,2.09645e-001
2.949936000000e-003,2.13665e-001
2.974936000000e-003,2.21705e-001
2.999936000000e-003,2.21705e-001
3.024936000000e-003,2.25725e-001
3.049936000000e-003,2.29745e-001
3.074936000000e-003,2.33766e-001
3.099936000000e-003,2.41806e-001
3.124936000000e-003,2.45826e-001
3.149936000000e-003,2.49846e-001
3.174936000000e-003,2.57886e-001
3.199936000000e-003,2.61906e-001
3.224936000000e-003,2.65926e-001
3.249936000000e-003,2.73967e-001
3.274936000000e-003,2.77987e-001
3.299936000000e-003,2.82007e-001
3.324936000000e-003,2.94067e-001
3.349936000000e-003,2.98087e-001
3.374936000000e-003,3.06127e-001
3.399936000000e-003,3.14168e-001
3.424936000000e-003,3.18188e-001
3.449936000000e-003,3.30248e-001
3.474936000000e-003,3.38288e-001
3.499936000000e-003,3.46328e-001
3.524936000000e-003,3.58389e-001
3.549936000000e-003,3.66429e-001
3.574936000000e-003,3.78489e-001
3.599936000000e-003,3.90550e-001
3.624936000000e-003,4.02610e-001
3.649936000000e-003,4.10650e-001
3.674936000000e-003,4.26730e-001
3.699936000000e-003,4.34771e-001
3.724936000000e-003,4.50851e-001
3.749936000000e-003,4.62911e-001
3.774936000000e-003,4.70952e-001
3.799936000000e-003,4.87032e-001
3.824936000000e-003,4.95072e-001
3.849936000000e-003,5.07132e-001
3.874936000000e-003,5.15173e-001
3.899936000000e-003,5.27233e-001
3.924936000000e-003,5.35273e-001
3.949936000000e-003,5.39293e-001
3.974936000000e-003,5.47333e-001
3.999936000000e-003,5.51354e-001
4.024936000000e-003,5.55374e-001
4.049936000000e-003,5.59394e-001
4.074936000000e-003,5.59394e-001
4.099936000000e-003,5.59394e-001
4.124936000000e-003,5.59394e-001
4.149936000000e-003,5.55374e-001
4.174936000000e-003,5.51354e-001
4.199936000000e-003,5.51354e-001
4.224936000000e-003,5.43313e-001
4.249936000000e-003,5.39293e-001
4.274936000000e-003,5.31253e-001
4.299936000000e-003,5.27233e-001
4.324936000000e-003,5.19193e-001
4.349936000000e-003,5.11153e-001
4.374936000000e-003,5.07132e-001
4.399936000000e-003,4.95072e-001
4.424936000000e-003,4.87032e-001
4.449936000000e-003,4.78992e-001
4.474936000000e-003,4.70952e-001
4.499936000000e-003,4.62911e-001
4.524936000000e-003,4.50851e-001
4.549936000000e-003,4.42811e-001
4.574936000000e-003,4.34771e-001
4.599936000000e-003,4.26730e-001
4.624936000000e-003,4.18690e-001
4.649936000000e-003,4.10650e-001
4.674936000000e-003,4.02610e-001
4.699936000000e-003,3.94570e-001
4.724936000000e-003,3.86529e-001
4.749936000000e-003,3.78489e-001
4.774936000000e-003,3.70449e-001
4.799936000000e-003,3.62409e-001
4.824936000000e-003,3.50349e-001
4.849936000000e-003,3.46328e-001
4.874936000000e-003,3.38288e-001
4.899936000000e-003,3.30248e-001
4.924936000000e-003,3.22208e-001
4.949936000000e-003,3.14168e-001
4.974936000000e-003,3.10147e-001
4.999936000000e-003,3.02107e-001
5.024936000000e-003,2.94067e-001
5.049936000000e-003,2.90047e-001
5.074936000000e-003,2.77987e-001
5.099936000000e-003,2.73967e-001
5.124936000000e-003,2.65926e-001
5.149936000000e-003,2.57886e-001
5.174936000000e-003,2.53866e-001
5.199936000000e-003,2.45826e-001
5.224936000000e-003,2.37786e-001
5.249936000000e-003,2.33766e-001
5.274936000000e-003,2.25725e-001
5.299936000000e-003,2.21705e-001
5.324936000000e-003,2.17685e-001
5.349936000000e-003,2.09645e-001
5.374936000000e-003,2.05625e-001
5.399936000000e-003,2.01605e-001
5.424936000000e-003,1.93565e-001
5.449936000000e-003,1.93565e-001
5.474936000000e-003,1.89544e-001
5.499936000000e-003,1.85524e-001
5.524936000000e-003,1.85524e-001
5.549936000000e-003,1.77484e-001
5.574936000000e-003,1.77484e-001
5.599936000000e-003,1.77484e-001
5.624936000000e-003,1.77484e-001
5.649936000000e-003,1.77484e-001
5.674936000000e-003,1.73464e-001
5.699936000000e-003,1.77484e-001
5.724936000000e-003,1.77484e-001
5.749936000000e-003,1.73464e-001
5.774936000000e-003,1.81504e-001
5.799936000000e-003,1.77484e-001
5.824936000000e-003,1.77484e-001
5.849936000000e-003,1.81504e-001
5.874936000000e-003,1.85524e-001
5.899936000000e-003,1.85524e-001
5.924936000000e-003,1.85524e-001
5.949936000000e-003,1.89544e-001
5.974936000000e-003,1.93565e-001
5.999936000000e-003,1.97585e-001
6.024936000000e-003,1.97585e-001
6.049936000000e-003,2.01605e-001
6.074936000000e-003,2.01605e-001
6.099936000000e-003,2.05625e-001
6.124936000000e-003,2.05625e-001
6.149936000000e-003,2.09645e-001
6.174936000000e-003,2.13665e-001
6.199936000000e-003,2.17685e-001
6.224936000000e-003,2.21705e-001
6.249936000000e-003,2.25725e-001
6.274936000000e-003,2.29745e-001
6.299936000000e-003,2.33766e-001
6.324936000000e-003,2.41806e-001
6.349936000000e-003,2.45826e-001
6.374936000000e-003,2.53866e-001
6.399936000000e-003,2.57886e-001
6.424936000000e-003,2.61906e-001
6.449936000000e-003,2.73967e-001
6.474936000000e-003,2.82007e-001
6.499936000000e-003,2.94067e-001
6.524936000000e-003,3.02107e-001
6.549936000000e-003,3.10147e-001
6.574936000000e-003,3.22208e-001
6.599936000000e-003,3.34268e-001
6.624936000000e-003,3.46328e-001
6.649936000000e-003,3.58389e-001
6.674936000000e-003,3.70449e-001
6.699936000000e-003,3.86529e-001
6.724936000000e-003,4.02610e-001
6.749936000000e-003,4.14670e-001
6.774936000000e-003,4.30751e-001
6.799936000000e-003,4.42811e-001
6.824936000000e-003,4.54871e-001
6.849936000000e-003,4.70952e-001
6.874936000000e-003,4.78992e-001
6.899936000000e-003,4.91052e-001
6.924936000000e-003,5.03112e-001
6.949936000000e-003,5.11153e-001
6.974936000000e-003,5.23213e-001
6.999936000000e-003,5.35273e-001
7.024936000000e-003,5.39293e-001
7.049936000000e-003,5.43313e-001
7.074936000000e-003,5.51354e-001
7.099936000000e-003,5.55374e-001
7.124936000000e-003,5.55374e-001
7.149936000000e-003,5.55374e-001
7.174936000000e-003,5.59394e-001
7.199936000000e-003,5.63414e-001
7.224936000000e-003,5.59394e-001
7.249936000000e-003,5.63414e-001
7.274936000000e-003,5.59394e-001
7.299936000000e-003,5.55374e-001
7.324936000000e-003,5.55374e-001
7.349936000000e-003,5.47333e-001
7.374936000000e-003,5.47333e-001
7.399936000000e-003,5.43313e-001
7.424936000000e-003,5.39293e-001
7.449936000000e-003,5.35273e-001
7.474936000000e-003,5.31253e-001
7.499936000000e-003,5.27233e-001
7.524936000000e-003,5.19193e-001
7.549936000000e-003,5.15173e-001
7.574936000000e-003,5.07132e-001
7.599936000000e-003,5.03112e-001
7.624936000000e-003,4.95072e-001
7.649936000000e-003,4.91052e-001
7.674936000000e-003,4.83012e-001
7.699936000000e-003,4.74972e-001
7.724936000000e-003,4.66931e-001
7.749936000000e-003,4.54871e-001
7.774936000000e-003,4.50851e-001
7.799936000000e-003,4.38791e-001
7.824936000000e-003,4.26730e-001
7.849936000000e-003,4.18690e-001
7.874936000000e-003,4.06630e-001
7.899936000000e-003,3.94570e-001
7.924936000000e-003,3.82509e-001
7.949936000000e-003,3.70449e-001
7.974936000000e-003,3.62409e-001
7.999936000000e-003,3.46328e-001
8.024936000000e-003,3.34268e-001
8.049936000000e-003,3.26228e-001
8.074936000000e-003,3.14168e-001
8.099936000000e-003,3.02107e-001
8.124936000000e-003,2.90047e-001
8.149936000000e-003,2.77987e-001
8.174936000000e-003,2.69947e-001
8.199936000000e-003,2.61906e-001
8.224936000000e-003,2.53866e-001
8.249936000000e-003,2.45826e-001
8.274936000000e-003,2.37786e-001
8.299936000000e-003,2.33766e-001
8.324936000000e-003,2.25725e-001
8.349936000000e-003,2.21705e-001
8.374936000000e-003,2.17685e-001
8.399936000000e-003,2.13665e-001
8.424936000000e-003,2.09645e-001
8.449936000000e-003,2.05625e-001
8.474936000000e-003,2.05625e-001
8.499936000000e-003,2.01605e-001
8.524936000000e-003,2.01605e-001
8.549936000000e-003,1.97585e-001
8.574936000000e-003,1.97585e-001
8.599936000000e-003,1.97585e-001
8.624936000000e-003,1.93565e-001
8.649936000000e-003,1.93565e-001
8.674936000000e-003,1.89544e-001
8.699936000000e-003,1.89544e-001
8.724936000000e-003,1.89544e-001
8.749936000000e-003,1.85524e-001
8.774936000000e-003,1.89544e-001
8.799936000000e-003,1.85524e-001
8.824936000000e-003,1.81504e-001
8.849936000000e-003,1.81504e-001
8.874936000000e-003,1.81504e-001
8.899936000000e-003,1.77484e-001
8.924936000000e-003,1.77484e-001
8.949936000000e-003,1.73464e-001
8.974936000000e-003,1.73464e-001
8.999936000000e-003,1.73464e-001
9.024936000000e-003,1.69444e-001
9.049936000000e-003,1.69444e-001
9.074936000000e-003,1.69444e-001
9.099936000000e-003,1.69444e-001
9.124936000000e-003,1.69444e-001
9.149936000000e-003,1.69444e-001
9.174936000000e-003,1.69444e-001
9.199936000000e-003,1.69444e-001
9.224936000000e-003,1.69444e-001
9.249936000000e-003,1.73464e-001
9.274936000000e-003,1.73464e-001
9.299936000000e-003,1.73464e-001
9.324936000000e-003,1.77484e-001
9.349936000000e-003,1.81504e-001
9.374936000000e-003,1.85524e-001
9.399936000000e-003,1.89544e-001
9.424936000000e-003,1.93565e-001
9.449936000000e-003,2.01605e-001
9.474936000000e-003,2.05625e-001
9.499936000000e-003,2.13665e-001
9.524936000000e-003,2.17685e-001
9.549936000000e-003,2.29745e-001
9.574936000000e-003,2.41806e-001
9.599936000000e-003,2.49846e-001
9.624936000000e-003,2.57886e-001
9.649936000000e-003,2.73967e-001
9.674936000000e-003,2.82007e-001
9.699936000000e-003,2.94067e-001
9.724936000000e-003,3.06127e-001
9.749936000000e-003,3.22208e-001
9.774936000000e-003,3.38288e-001
9.799936000000e-003,3.50349e-001
9.824936000000e-003,3.58389e-001
9.849936000000e-003,3.74469e-001
9.874936000000e-003,3.90550e-001
9.899936000000e-003,4.02610e-001
9.924936000000e-003,4.18690e-001
9.949936000000e-003,4.26730e-001
9.974936000000e-003,4.42811e-001
9.999936000000e-003,4.54871e-001
1.002493600000e-002,4.66931e-001
1.004993600000e-002,4.78992e-001
1.007493600000e-002,4.91052e-001
1.009993600000e-002,5.03112e-001
1.012493600000e-002,5.15173e-001
1.014993600000e-002,5.23213e-001
1.017493600000e-002,5.35273e-001
1.019993600000e-002,5.43313e-001
1.022493600000e-002,5.51354e-001
1.024993600000e-002,5.59394e-001
1.027493600000e-002,5.63414e-001
1.029993600000e-002,5.71454e-001
1.032493600000e-002,5.79494e-001
1.034993600000e-002,5.83514e-001
1.037493600000e-002,5.87534e-001
1.039993600000e-002,5.91555e-001
1.042493600000e-002,5.95575e-001
1.044993600000e-002,5.99595e-001
1.047493600000e-002,5.99595e-001
1.049993600000e-002,5.99595e-001
1.052493600000e-002,6.03615e-001
1.054993600000e-002,5.99595e-001
1.057493600000e-002,5.99595e-001
1.059993600000e-002,5.95575e-001
1.062493600000e-002,5.95575e-001
1.064993600000e-002,5.91555e-001
1.067493600000e-002,5.91555e-001
1.069993600000e-002,5.83514e-001
1.072493600000e-002,5.79494e-001
1.074993600000e-002,5.75474e-001
1.077493600000e-002,5.67434e-001
1.079993600000e-002,5.59394e-001
1.082493600000e-002,5.51354e-001
1.084993600000e-002,5.43313e-001
1.087493600000e-002,5.31253e-001
1.089993600000e-002,5.23213e-001
1.092493600000e-002,5.11153e-001
1.094993600000e-002,5.03112e-001
1.097493600000e-002,4.91052e-001
1.099993600000e-002,4.78992e-001
1.102493600000e-002,4.62911e-001
1.104993600000e-002,4.54871e-001
1.107493600000e-002,4.42811e-001
1.109993600000e-002,4.26730e-001
1.112493600000e-002,4.14670e-001
1.114993600000e-002,4.02610e-001
1.117493600000e-002,3.90550e-001
1.119993600000e-002,3.74469e-001
1.122493600000e-002,3.66429e-001
1.124993600000e-002,3.54369e-001
1.127493600000e-002,3.42308e-001
1.129993600000e-002,3.30248e-001
1.132493600000e-002,3.22208e-001
1.134993600000e-002,3.10147e-001
1.137493600000e-002,2.98087e-001
1.139993600000e-002,2.90047e-001
1.142493600000e-002,2.82007e-001
1.144993600000e-002,2.69947e-001
1.147493600000e-002,2.61906e-001
1.149993600000e-002,2.53866e-001
1.152493600000e-002,2.45826e-001
1.154993600000e-002,2.37786e-001
1.157493600000e-002,2.33766e-001
1.159993600000e-002,2.25725e-001
1.162493600000e-002,2.17685e-001
1.164993600000e-002,2.17685e-001
1.167493600000e-002,2.09645e-001
1.169993600000e-002,2.05625e-001
1.172493600000e-002,2.01605e-001
1.174993600000e-002,1.97585e-001
1.177493600000e-002,1.97585e-001
1.179993600000e-002,1.93565e-001
1.182493600000e-002,1.85524e-001
1.184993600000e-002,1.89544e-001
1.187493600000e-002,1.85524e-001
1.189993600000e-002,1.85524e-001
1.192493600000e-002,1.81504e-001
1.194993600000e-002,1.77484e-001
1.197493600000e-002,1.81504e-001
1.199993600000e-002,1.81504e-001
1.202493600000e-002,1.77484e-001
1.204993600000e-002,1.81504e-001
1.207493600000e-002,1.77484e-001
1.209993600000e-002,1.81504e-001
1.212493600000e-002,1.81504e-001
1.214993600000e-002,1.81504e-001
1.217493600000e-002,1.85524e-001
1.219993600000e-002,1.85524e-001
1.222493600000e-002,1.85524e-001
1.224993600000e-002,1.89544e-001
1.227493600000e-002,1.89544e-001
1.229993600000e-002,1.97585e-001
1.232493600000e-002,1.97585e-001
1.234993600000e-002,2.01605e-001
1.237493600000e-002,2.05625e-001
1.239993600000e-002,2.05625e-001
1.242493600000e-002,2.09645e-001
1.244993600000e-002,2.17685e-001
1.247493600000e-002,2.17685e-001
1.249993600000e-002,2.25725e-001
1.252493600000e-002,2.29745e-001
1.254993600000e-002,2.33766e-001
1.257493600000e-002,2.41806e-001
1.259993600000e-002,2.45826e-001
1.262493600000e-002,2.49846e-001
1.264993600000e-002,2.57886e-001
1.267493600000e-002,2.61906e-001
1.269993600000e-002,2.69947e-001
1.272493600000e-002,2.77987e-001
1.274993600000e-002,2.82007e-001
1.277493600000e-002,2.94067e-001
1.279993600000e-002,2.98087e-001
1.282493600000e-002,3.02107e-001
1.284993600000e-002,3.14168e-001
1.287493600000e-002,3.22208e-001
1.289993600000e-002,3.30248e-001
1.292493600000e-002,3.38288e-001
1.294993600000e-002,3.46328e-001
1.297493600000e-002,3.58389e-001
1.299993600000e-002,3.62409e-001
1.302493600000e-002,3.74469e-001
1.304993600000e-002,3.82509e-001
1.307493600000e-002,3.90550e-001
1.309993600000e-002,4.02610e-001
1.312493600000e-002,4.14670e-001
1.314993600000e-002,4.22710e-001
1.317493600000e-002,4.34771e-001
1.319993600000e-002,4.42811e-001
1.322493600000e-002,4.54871e-001
1.324993600000e-002,4.66931e-001
1.327493600000e-002,4.74972e-001
1.329993600000e-002,4.83012e-001
1.332493600000e-002,4.95072e-001
1.334993600000e-002,5.03112e-001
1.337493600000e-002,5.15173e-001
1.339993600000e-002,5.23213e-001
1.342493600000e-002,5.35273e-001
1.344993600000e-002,5.43313e-001
1.347493600000e-002,5.47333e-001
1.349993600000e-002,5.59394e-001
1.352493600000e-002,5.63414e-001
1.354993600000e-002,5.71454e-001
1.357493600000e-002,5.79494e-001
1.359993600000e-002,5.79494e-001
1.362493600000e-002,5.83514e-001
1.364993600000e-002,5.91555e-001
1.367493600000e-002,5.91555e-001
1.369993600000e-002,5.95575e-001
1.372493600000e-002,5.99595e-001
1.374993600000e-002,5.95575e-001
1.377493600000e-002,5.95575e-001
1.379993600000e-002,5.95575e-001
1.382493600000e-002,5.99595e-001
1.384993600000e-002,5.95575e-001
1.387493600000e-002,5.91555e-001
1.389993600000e-002,5.87534e-001
1.392493600000e-002,5.83514e-001
1.394993600000e-002,5.75474e-001
1.397493600000e-002,5.71454e-001
1.399993600000e-002,5.67434e-001
1.402493600000e-002,5.55374e-001
1.404993600000e-002,5.51354e-001
1.407493600000e-002,5.43313e-001
1.409993600000e-002,5.35273e-001
1.412493600000e-002,5.23213e-001
1.414993600000e-002,5.15173e-001
1.417493600000e-002,5.03112e-001
1.419993600000e-002,4.91052e-001
1.422493600000e-002,4.78992e-001
1.424993600000e-002,4.66931e-001
1.427493600000e-002,4.54871e-001
1.429993600000e-002,4.42811e-001
1.432493600000e-002,4.30751e-001
1.434993600000e-002,4.18690e-001
1.437493600000e-002,4.06630e-001
1.439993600000e-002,3.94570e-001
1.442493600000e-002,3.78489e-001
1.444993600000e-002,3.70449e-001
1.447493600000e-002,3.54369e-001
1.449993600000e-002,3.42308e-001
1.452493600000e-002,3.34268e-001
1.454993600000e-002,3.18188e-001
1.457493600000e-002,3.10147e-001
1.459993600000e-002,2.98087e-001
1.462493600000e-002,2.90047e-001
1.464993600000e-002,2.77987e-001
1.467493600000e-002,2.65926e-001
1.469993600000e-002,2.57886e-001
1.472493600000e-002,2.49846e-001
1.474993600000e-002,2.41806e-001
1.477493600000e-002,2.33766e-001
1.479993600000e-002,2.25725e-001
1.482493600000e-002,2.17685e-001
1.484993600000e-002,2.09645e-001
1.487493600000e-002,2.05625e-001
1.489993600000e-002,2.01605e-001
1.492493600000e-002,1.97585e-001
1.494993600000e-002,1.89544e-001
1.497493600000e-002,1.89544e-001
1.499993600000e-002,1.85524e-001
1.502493600000e-002,1.81504e-001
1.504993600000e-002,1.77484e-001
1.507493600000e-002,1.73464e-001
1.509993600000e-002,1.73464e-001
1.512493600000e-002,1.69444e-001
1.514993600000e-002,1.65424e-001
1.517493600000e-002,1.65424e-001
1.519993600000e-002,1.61404e-001
1.522493600000e-002,1.61404e-001
1.524993600000e-002,1.57384e-001
1.527493600000e-002,1.57384e-001
1.529993600000e-002,1.57384e-001
1.532493600000e-002,1.57384e-001
1.534993600000e-002,1.53364e-001
1.537493600000e-002,1.57384e-001
1.539993600000e-002,1.57384e-001
1.542493600000e-002,1.57384e-001
1.544993600000e-002,1.53364e-001
1.547493600000e-002,1.53364e-001
1.549993600000e-002,1.57384e-001
1.552493600000e-002,1.57384e-001
1.554993600000e-002,1.57384e-001
1.557493600000e-002,1.57384e-001
1.559993600000e-002,1.61404e-001
1.562493600000e-002,1.65424e-001
1.564993600000e-002,1.65424e-001
1.567493600000e-002,1.65424e-001
1.569993600000e-002,1.73464e-001
1.572493600000e-002,1.77484e-001
1.574993600000e-002,1.77484e-001
1.577493600000e-002,1.85524e-001
1.579993600000e-002,1.89544e-001
1.582493600000e-002,1.97585e-001
1.584993600000e-002,2.05625e-001
1.587493600000e-002,2.09645e-001
1.589993600000e-002,2.21705e-001
1.592493600000e-002,2.25725e-001
1.594993600000e-002,2.33766e-001
1.597493600000e-002,2.45826e-001
1.599993600000e-002,2.53866e-001
1.602493600000e-002,2.65926e-001
1.604993600000e-002,2.73967e-001
1.607493600000e-002,2.82007e-001
1.609993600000e-002,2.94067e-001
1.612493600000e-002,3.06127e-001
1.614993600000e-002,3.14168e-001
1.617493600000e-002,3.30248e-001
1.619993600000e-002,3.42308e-001
1.622493600000e-002,3.54369e-001
1.624993600000e-002,3.66429e-001
1.627493600000e-002,3.74469e-001
1.629993600000e-002,3.90550e-001
1.632493600000e-002,4.02610e-001
1.634993600000e-002,4.10650e-001
1.637493600000e-002,4.26730e-001
1.639993600000e-002,4.34771e-001
1.642493600000e-002,4.46831e-001
1.644993600000e-002,4.54871e-001
1.647493600000e-002,4.66931e-001
1.649993600000e-002,4.78992e-001
1.652493600000e-002,4.87032e-001
1.654993600000e-002,4.95072e-001
1.657493600000e-002,5.07132e-001
1.659993600000e-002,5.15173e-001
1.662493600000e-002,5.23213e-001
1.664993600000e-002,5.31253e-001
1.667493600000e-002,5.39293e-001
1.669993600000e-002,5.47333e-001
1.672493600000e-002,5.55374e-001
1.674993600000e-002,5.63414e-001
1.677493600000e-002,5.67434e-001
1.679993600000e-002,5.75474e-001
1.682493600000e-002,5.79494e-001
1.684993600000e-002,5.87534e-001
1.687493600000e-002,5.87534e-001
1.689993600000e-002,5.91555e-001
1.692493600000e-002,5.99595e-001
1.694993600000e-002,5.99595e-001
1.697493600000e-002,6.07635e-001
1.699993600000e-002,6.03615e-001
1.702493600000e-002,6.07635e-001
1.704993600000e-002,6.07635e-001
1.707493600000e-002,6.07635e-001
1.709993600000e-002,6.07635e-001
1.712493600000e-002,6.07635e-001
1.714993600000e-002,6.03615e-001
1.717493600000e-002,5.99595e-001
1.719993600000e-002,5.91555e-001
1.722493600000e-002,5.91555e-001
1.724993600000e-002,5.83514e-001
1.727493600000e-002,5.75474e-001
1.729993600000e-002,5.67434e-001
1.732493600000e-002,5.59394e-001
1.734993600000e-002,5.51354e-001
1.737493600000e-002,5.39293e-001
1.739993600000e-002,5.27233e-001
1.742493600000e-002,5.19193e-001
1.744993600000e-002,5.03112e-001
1.747493600000e-002,4.91052e-001
1.749993600000e-002,4.78992e-001
1.752493600000e-002,4.62911e-001
1.754993600000e-002,4.46831e-001
1.757493600000e-002,4.38791e-001
1.759993600000e-002,4.22710e-001
1.762493600000e-002,4.14670e-001
1.764993600000e-002,3.98590e-001
1.767493600000e-002,3.82509e-001
1.769993600000e-002,3.74469e-001
1.772493600000e-002,3.58389e-001
1.774993600000e-002,3.46328e-001
1.777493600000e-002,3.38288e-001
1.779993600000e-002,3.22208e-001
1.782493600000e-002,3.14168e-001
1.784993600000e-002,3.06127e-001
1.787493600000e-002,2.94067e-001
1.789993600000e-002,2.86027e-001
1.792493600000e-002,2.77987e-001
1.794993600000e-002,2.65926e-001
1.797493600000e-002,2.61906e-001
1.799993600000e-002,2.49846e-001
1.802493600000e-002,2.45826e-001
1.804993600000e-002,2.41806e-001
1.807493600000e-002,2.33766e-001
1.809993600000e-002,2.29745e-001
1.812493600000e-002,2.21705e-001
1.814993600000e-002,2.17685e-001
1.817493600000e-002,2.13665e-001
1.819993600000e-002,2.05625e-001
1.822493600000e-002,2.05625e-001
1.824993600000e-002,2.01605e-001
1.827493600000e-002,1.93565e-001
1.829993600000e-002,1.93565e-001
1.832493600000e-002,1.89544e-001
1.834993600000e-002,1.85524e-001
1.837493600000e-002,1.85524e-001
1.839993600000e-002,1.81504e-001
1.842493600000e-002,1.81504e-001
1.844993600000e-002,1.77484e-001
1.847493600000e-002,1.73464e-001
1.849993600000e-002,1.69444e-001
1.852493600000e-002,1.69444e-001
1.854993600000e-002,1.69444e-001
1.857493600000e-002,1.65424e-001
1.859993600000e-002,1.65424e-001
1.862493600000e-002,1.61404e-001
1.864993600000e-002,1.61404e-001
1.867493600000e-002,1.57384e-001
1.869993600000e-002,1.61404e-001
1.872493600000e-002,1.61404e-001
1.874993600000e-002,1.61404e-001
1.877493600000e-002,1.61404e-001
1.879993600000e-002,1.57384e-001
1.882493600000e-002,1.61404e-001
1.884993600000e-002,1.61404e-001
1.887493600000e-002,1.61404e-001
1.889993600000e-002,1.65424e-001
1.892493600000e-002,1.65424e-001
1.894993600000e-002,1.65424e-001
1.897493600000e-002,1.69444e-001
1.899993600000e-002,1.69444e-001
1.902493600000e-002,1.73464e-001
1.904993600000e-002,1.77484e-001
1.907493600000e-002,1.77484e-001
1.909993600000e-002,1.85524e-001
1.912493600000e-002,1.85524e-001
1.914993600000e-002,1.89544e-001
1.917493600000e-002,1.93565e-001
1.919993600000e-002,1.97585e-001
1.922493600000e-002,2.05625e-001
1.924993600000e-002,2.05625e-001
1.927493600000e-002,2.09645e-001
1.929993600000e-002,2.13665e-001
1.932493600000e-002,2.17685e-001
1.934993600000e-002,2.25725e-001
1.937493600000e-002,2.29745e-001
1.939993600000e-002,2.33766e-001
1.942493600000e-002,2.41806e-001
1.944993600000e-002,2.45826e-001
1.947493600000e-002,2.49846e-001
1.949993600000e-002,2.57886e-001
1.952493600000e-002,2.61906e-001
1.954993600000e-002,2.69947e-001
1.957493600000e-002,2.77987e-001
1.959993600000e-002,2.86027e-001
1.962493600000e-002,2.94067e-001
1.964993600000e-002,3.02107e-001
1.967493600000e-002,3.10147e-001
1.969993600000e-002,3.18188e-001
1.972493600000e-002,3.30248e-001
1.974993600000e-002,3.42308e-001
1.977493600000e-002,3.50349e-001
1.979993600000e-002,3.58389e-001
1.982493600000e-002,3.70449e-001
1.984993600000e-002,3.82509e-001
1.987493600000e-002,3.94570e-001
1.989993600000e-002,4.06630e-001
1.992493600000e-002,4.18690e-001
1.994993600000e-002,4.30751e-001
1.997493600000e-002,4.42811e-001
1.999993600000e-002,4.54871e-001
2.002493600000e-002,4.62911e-001
2.004993600000e-002,4.74972e-001
2.007493600000e-002,4.87032e-001
2.009993600000e-002,4.99092e-001
2.012493600000e-002,5.11153e-001
2.014993600000e-002,5.19193e-001
2.017493600000e-002,5.31253e-001
2.019993600000e-002,5.35273e-001
2.022493600000e-002,5.43313e-001
2.024993600000e-002,5.51354e-001
2.027493600000e-002,5.55374e-001
2.029993600000e-002,5.63414e-001
2.032493600000e-002,5.67434e-001
2.034993600000e-002,5.71454e-001
2.037493600000e-002,5.71454e-001
2.039993600000e-002,5.71454e-001
2.042493600000e-002,5.71454e-001
2.044993600000e-002,5.71454e-001
2.047493600000e-002,5.71454e-001
2.049993600000e-002,5.71454e-001
2.052493600000e-002,5.67434e-001
2.054993600000e-002,5.63414e-001
2.057493600000e-002,5.63414e-001
2.059993600000e-002,5.55374e-001
2.062493600000e-002,5.51354e-001
2.064993600000e-002,5.47333e-001
2.067493600000e-002,5.39293e-001
2.069993600000e-002,5.35273e-001
2.072493600000e-002,5.27233e-001
2.074993600000e-002,5.23213e-001
2.077493600000e-002,5.15173e-001
2.079993600000e-002,5.07132e-001
2.082493600000e-002,5.03112e-001
2.084993600000e-002,4.91052e-001
2.087493600000e-002,4.83012e-001
2.089993600000e-002,4.74972e-001
2.092493600000e-002,4.70952e-001
2.094993600000e-002,4.62911e-001
2.097493600000e-002,4.50851e-001
2.099993600000e-002,4.42811e-001
2.102493600000e-002,4.38791e-001
2.104993600000e-002,4.26730e-001
2.107493600000e-002,4.18690e-001
2.109993600000e-002,4.10650e-001
2.112493600000e-002,4.02610e-001
2.114993600000e-002,3.94570e-001
2.117493600000e-002,3.86529e-001
2.119993600000e-002,3.74469e-001
2.122493600000e-002,3.66429e-001
2.124993600000e-002,3.58389e-001
2.127493600000e-002,3.50349e-001
2.129993600000e-002,3.38288e-001
2.132493600000e-002,3.30248e-001
2.134993600000e-002,3.26228e-001
2.137493600000e-002,3.14168e-001
2.139993600000e-002,3.06127e-001
2.142493600000e-002,3.02107e-001
2.144993600000e-002,2.90047e-001
2.147493600000e-002,2.82007e-001
2.149993600000e-002,2.77987e-001
2.152493600000e-002,2.69947e-001
2.154993600000e-002,2.65926e-001
2.157493600000e-002,2.57886e-001
2.159993600000e-002,2.45826e-001
2.162493600000e-002,2.41806e-001
2.164993600000e-002,2.37786e-001
2.167493600000e-002,2.29745e-001
2.169993600000e-002,2.25725e-001
2.172493600000e-002,2.17685e-001
2.174993600000e-002,2.13665e-001
2.177493600000e-002,2.09645e-001
2.179993600000e-002,2.05625e-001
2.182493600000e-002,2.01605e-001
2.184993600000e-002,1.97585e-001
2.187493600000e-002,1.89544e-001
2.189993600000e-002,1.89544e-001
2.192493600000e-002,1.85524e-001
2.194993600000e-002,1.81504e-001
2.197493600000e-002,1.77484e-001
2.199993600000e-002,1.73464e-001
2.202493600000e-002,1.73464e-001
2.204993600000e-002,1.69444e-001
2.207493600000e-002,1.65424e-001
2.209993600000e-002,1.65424e-001
2.212493600000e-002,1.65424e-001
2.214993600000e-002,1.61404e-001
2.217493600000e-002,1.61404e-001
2.219993600000e-002,1.57384e-001
2.222493600000e-002,1.57384e-001
2.224993600000e-002,1.57384e-001
2.227493600000e-002,1.57384e-001
2.229993600000e-002,1.57384e-001
2.232493600000e-002,1.57384e-001
2.234993600000e-002,1.53364e-001
2.237493600000e-002,1.57384e-001
2.239993600000e-002,1.53364e-001
2.242493600000e-002,1.61404e-001
2.244993600000e-002,1.57384e-001
2.247493600000e-002,1.57384e-001
2.249993600000e-002,1.61404e-001
2.252493600000e-002,1.61404e-001
2.254993600000e-002,1.65424e-001
2.257493600000e-002,1.65424e-001
2.259993600000e-002,1.69444e-001
2.262493600000e-002,1.73464e-001
2.264993600000e-002,1.77484e-001
2.267493600000e-002,1.81504e-001
2.269993600000e-002,1.85524e-001
2.272493600000e-002,1.89544e-001
2.274993600000e-002,1.97585e-001
2.277493600000e-002,2.01605e-001
2.279993600000e-002,2.05625e-001
2.282493600000e-002,2.13665e-001
2.284993600000e-002,2.21705e-001
2.287493600000e-002,2.29745e-001
2.289993600000e-002,2.41806e-001
2.292493600000e-002,2.49846e-001
2.294993600000e-002,2.57886e-001
2.297493600000e-002,2.69947e-001
2.299993600000e-002,2.77987e-001
2.302493600000e-002,2.94067e-001
2.304993600000e-002,3.02107e-001
2.307493600000e-002,3.14168e-001
2.309993600000e-002,3.30248e-001
2.312493600000e-002,3.42308e-001
2.314993600000e-002,3.54369e-001
2.317493600000e-002,3.66429e-001
2.319993600000e-002,3.82509e-001
2.322493600000e-002,3.94570e-001
2.324993600000e-002,4.10650e-001
2.327493600000e-002,4.18690e-001
2.329993600000e-002,4.34771e-001
2.332493600000e-002,4.46831e-001
2.334993600000e-002,4.62911e-001
2.337493600000e-002,4.70952e-001
2.339993600000e-002,4.83012e-001
2.342493600000e-002,4.95072e-001
2.344993600000e-002,5.07132e-001
2.347493600000e-002,5.15173e-001
2.349993600000e-002,5.23213e-001
2.352493600000e-002,5.35273e-001
2.354993600000e-002,5.43313e-001
2.357493600000e-002,5.51354e-001
2.359993600000e-002,5.55374e-001
2.362493600000e-002,5.63414e-001
2.364993600000e-002,5.67434e-001
2.367493600000e-002,5.67434e-001
2.369993600000e-002,5.71454e-001
2.372493600000e-002,5.75474e-001
2.374993600000e-002,5.79494e-001
2.377493600000e-002,5.79494e-001
2.379993600000e-002,5.75474e-001
2.382493600000e-002,5.75474e-001
2.384993600000e-002,5.75474e-001
2.387493600000e-002,5.67434e-001
2.389993600000e-002,5.67434e-001
2.392493600000e-002,5.63414e-001
2.394993600000e-002,5.55374e-001
2.397493600000e-002,5.51354e-001
2.399993600000e-002,5.43313e-001
2.402493600000e-002,5.39293e-001
2.404993600000e-002,5.31253e-001
2.407493600000e-002,5.23213e-001
2.409993600000e-002,5.15173e-001
2.412493600000e-002,5.03112e-001
2.414993600000e-002,4.99092e-001
2.417493600000e-002,4.87032e-001
2.419993600000e-002,4.74972e-001
2.422493600000e-002,4.70952e-001
2.424993600000e-002,4.58891e-001
2.427493600000e-002,4.46831e-001
2.429993600000e-002,4.38791e-001
2.432493600000e-002,4.30751e-001
2.434993600000e-002,4.22710e-001
2.437493600000e-002,4.10650e-001
2.439993600000e-002,3.98590e-001
2.442493600000e-002,3.90550e-001
2.444993600000e-002,3.82509e-001
2.447493600000e-002,3.70449e-001
2.449993600000e-002,3.62409e-001
2.452493600000e-002,3.54369e-001
2.454993600000e-002,3.46328e-001
2.457493600000e-002,3.34268e-001
2.459993600000e-002,3.26228e-001
2.462493600000e-002,3.18188e-001
2.464993600000e-002,3.10147e-001
2.467493600000e-002,3.02107e-001
2.469993600000e-002,2.94067e-001
2.472493600000e-002,2.90047e-001
2.474993600000e-002,2.82007e-001
2.477493600000e-002,2.73967e-001
2.479993600000e-002,2.65926e-001
2.482493600000e-002,2.61906e-001
2.484993600000e-002,2.57886e-001
2.487493600000e-002,2.49846e-001
2.489993600000e-002,2.45826e-001
2.492493600000e-002,2.37786e-001
2.494993600000e-002,2.33766e-001
2.497493600000e-002,2.29745e-001